{
	"hotData":[
		[
			{
				"num":444,
				"platform":"YY主播",
				"name":"呵呵",
				"introduce":"曾经的皇族领队，李黑龙，造就了YY上第一哥万人酱。",
				"img":"images/Chrisdina.png"
			},
			{
				"num":24,
				"platform":"YY主播",
				"name":"Chrisdina",
				"introduce":"曾经的皇族领队，李黑龙，造就了YY上第一哥万人酱。",
				"img":"images/Chrisdina2.png"
			}
		],
		[
			{
				"num":55554,
				"platform":"YY主播",
				"name":"哈哈",
				"introduce":"曾经的皇族领队，李黑龙，造就了YY上第一哥万人酱。",
				"img":"images/Chrisdina.png"
			},
			{
				"num":33334,
				"platform":"斗鱼TV",
				"name":"呼呼",
				"introduce":"曾经的皇族领队，李黑龙，造就了YY上第一哥万人酱。",
				"img":"images/Chrisdina2.png"
			}
		]
	],

	"rankData":[
		{
			"head":"images/head.jpg",
			"platform":"YY主播: 这个人很懒",
			"num":111
		}
	],
	"rewardData":[
		{
			"name":"李晨的冰冰",
			"head":"images/fbb.png",
			"num":"532次",
			"wechat":"12345678901",
			"age":"25岁",
			"sex":"女",
			"marry":"单身狗",
			"platform":"YY",
			"fans":"55万",
			"video":"http://v.qq.com/iframe/player.html?vid=y0316m7oo9r&tiny=0&auto=0",
			"introduceVideo":"覅你不让发给IE一u高凤飞飞饿呢给我一u阿股份累死了吧 安抚肌肤比狼覅"
		},
		{
			"name":"七哥乔峰",
			"head":"images/qf.png",
			"num":"532次",
			"wechat":"12345678901",
			"age":"25岁",
			"sex":"男",
			"marry":"单身狗",
			"platform":"映客",
			"fans":"50万",
			"video":"http://v.qq.com/iframe/player.html?vid=e002143y7g2&tiny=0&auto=0",
			"introduceVideo":"覅你不让发给IE一u高凤飞飞饿呢给我一u阿股份累死了吧 安抚肌肤比狼覅"
		}
	],
	"rewardMoreData":[
		{
			"img":"images/2.jpg",
			"p1":"这是一些介绍，这是一些介绍。这是一些介绍，这是一些介绍。",
			"p2":"这是一些介绍，这是一些介绍。这是一些介绍，这是一些介绍。这是一些介绍，这是一些介绍。这是一些介绍，这是一些介绍。"
		}
	]
}